Year,Month,Platform,Channel,KPI, Actual , Target 
2025,Jan,Customer Portal,Total,Registered Customers,"8,473.00","7,857.00"
2025,Jan,Customer Portal,Total,Active Customers,"1,913.00","1,963.00"
2025,Jan,Customer Portal,Total,Delivered Orders,"4,099.00","4,203.00"
2025,Jan,Customer Portal,Total,Order Frequency,2.1,
2025,Jan,Customer Portal,Total,Fulfillment Rate %,74,
2025,Jan,Customer Portal,Total,Digital Order Share %,2.76,
2025,Jan,Customer Portal,Total,Volume UC,"603,304.00","327,918.00"
2025,Jan,Customer Portal,Total,UC per Order,109,
2025,Jan,Customer Portal,Total,Digital Volume Share %,4.83,
2025,Jan,Customer Portal,Total,Active Placed,"2,743.00",
2025,Jan,Customer Portal,Total,NSR,"54,910,244.00","26,531,849.00"
2025,Feb,Customer Portal,Total,Registered Customers,"9,305.00","8,482.00"
2025,Feb,Customer Portal,Total,Active Customers,"2,108.00","2,118.00"
2025,Feb,Customer Portal,Total,Delivered Orders,"4,281.00","4,672.00"
2025,Feb,Customer Portal,Total,Order Frequency,2,
2025,Feb,Customer Portal,Total,Fulfillment Rate %,76,
2025,Feb,Customer Portal,Total,Digital Order Share %,2.45,
2025,Feb,Customer Portal,Total,Volume UC,"711,071.00","494,564.00"
2025,Feb,Customer Portal,Total,UC per Order,126,
2025,Feb,Customer Portal,Total,Digital Volume Share %,4.19,
2025,Feb,Customer Portal,Total,Active Placed,"3,133.00",
2025,Feb,Customer Portal,Total,NSR,"60,802,839.00","38,743,899.00"
2025,Mar,Customer Portal,Total,Registered Customers,"8,914.00","9,137.00"
2025,Mar,Customer Portal,Total,Active Customers,"1,717.00","2,284.00"
2025,Mar,Customer Portal,Total,Delivered Orders,"4,608.00","5,155.00"
2025,Mar,Customer Portal,Total,Order Frequency,2.7,
2025,Mar,Customer Portal,Total,Fulfillment Rate %,78,
2025,Mar,Customer Portal,Total,Digital Order Share %,2.01,
2025,Mar,Customer Portal,Total,Volume UC,"872,074.00","871,822.00"
2025,Mar,Customer Portal,Total,UC per Order,147,
2025,Mar,Customer Portal,Total,Digital Volume Share %,3.35,
2025,Mar,Customer Portal,Total,Active Placed,"2,476.00",
2025,Mar,Customer Portal,Total,NSR,"75,207,833.00","68,973,058.00"
2025,Apr,Customer Portal,Total,Registered Customers,"9,621.00","10,317.00"
2025,Apr,Customer Portal,Total,Active Customers,"1,773.00","2,542.00"
2025,Apr,Customer Portal,Total,Delivered Orders,"5,291.00","5,676.00"
2025,Apr,Customer Portal,Total,Order Frequency,3,
2025,Apr,Customer Portal,Total,Fulfillment Rate %,77,
2025,Apr,Customer Portal,Total,Digital Order Share %,2.79,
2025,Apr,Customer Portal,Total,Volume UC,"1,098,099.00","653,889.00"
2025,Apr,Customer Portal,Total,UC per Order,159,
2025,Apr,Customer Portal,Total,Active Placed,"2,360.00",
2025,Apr,Customer Portal,Total,NSR,"96,588,674.00","93,866,058.00"
2025,Apr,Customer Portal,Total,Digital Volume Share %,5.15,
2025,May,Customer Portal,Total,Registered Customers,"10,087.00","10,817.00"
2025,May,Customer Portal,Total,Active Customers,"2,321.00","2,680.00"
2025,May,Customer Portal,Total,Delivered Orders,"8,433.00","6,071.00"
2025,May,Customer Portal,Total,Order Frequency,3.6,
2025,May,Customer Portal,Total,Fulfillment Rate %,83,
2025,May,Customer Portal,Total,Digital Order Share %,3.62,
2025,May,Customer Portal,Total,Volume UC,"1,905,166.00","834,075.00"
2025,May,Customer Portal,Total,UC per Order,189,
2025,May,Customer Portal,Total,Digital Volume Share %,7.6,
2025,May,Customer Portal,Total,Active Placed,"2,643.00",
2025,May,Customer Portal,Total,NSR,"172,720,844.00","156,442,853.00"
2025,Jun,Customer Portal,Total,Registered Customers,"11,830.00","11,317.00"
2025,Jun,Customer Portal,Total,Active Customers,"4,494.00","2,818.00"
2025,Jun,Customer Portal,Total,Delivered Orders,"16,439.00","6,468.00"
2025,Jun,Customer Portal,Total,Order Frequency,3.7,
2025,Jun,Customer Portal,Total,Fulfillment Rate %,81,
2025,Jun,Customer Portal,Total,Digital Order Share %,5.41,
2025,Jun,Customer Portal,Total,Volume UC,"3,560,730.00","1,466,992.00"
2025,Jun,Customer Portal,Total,UC per Order,175,
2025,Jun,Customer Portal,Total,Digital Volume Share %,9.38,
2025,Jun,Customer Portal,Total,Active Placed,"4,877.00",
2025,Jun,Customer Portal,Total,NSR,"303,197,619.00","298,041,380.00"
2025,Jul,Customer Portal,Total,Registered Customers,"13,401.00","12,386.00"
2025,Jul,Customer Portal,Total,Active Customers,"6,235.00","4,739.00"
2025,Jul,Customer Portal,Total,Delivered Orders,"18,022.00","13,359.00"
2025,Jul,Customer Portal,Total,Order Frequency,2.9,
2025,Jul,Customer Portal,Total,Fulfillment Rate %,77,
2025,Jul,Customer Portal,Total,Digital Order Share %,6.37,
2025,Jul,Customer Portal,Total,Volume UC,"3,679,584.00","2,962,485.00"
2025,Jul,Customer Portal,Total,UC per Order,158,
2025,Jul,Customer Portal,Total,Digital Volume Share %,10.67,
2025,Jul,Customer Portal,Total,Active Placed,"6,882.00",
2025,Jul,Customer Portal,Total,NSR,"315,397,867.00","255,951,130.00"
2025,Aug,Customer Portal,Total,Registered Customers,"13,975.00","12,949.00"
2025,Aug,Customer Portal,Total,Active Customers,"6,611.00","4,968.00"
2025,Aug,Customer Portal,Total,Delivered Orders,"21,518.00","14,175.00"
2025,Aug,Customer Portal,Total,Order Frequency,3.3,
2025,Aug,Customer Portal,Total,Fulfillment Rate %,75,
2025,Aug,Customer Portal,Total,Digital Order Share %,6.9,
2025,Aug,Customer Portal,Total,Volume UC,"4,772,496.00","3,300,162.00"
2025,Aug,Customer Portal,Total,UC per Order,167,
2025,Aug,Customer Portal,Total,Digital Volume Share %,14.39,
2025,Aug,Customer Portal,Total,Active Placed,"6,978.00",
2025,Aug,Customer Portal,Total,NSR,"398,462,678.00","311,741,137.00"
2025,Sep,Customer Portal,Total,Registered Customers,"13,825.00","13,320.00"
2025,Sep,Customer Portal,Total,Active Customers,"7,722.00","5,084.00"
2025,Sep,Customer Portal,Total,Delivered Orders,"27,284.00","14,411.00"
2025,Sep,Customer Portal,Total,Order Frequency,3.53,
2025,Sep,Customer Portal,Total,Fulfillment Rate %,79.4,
2025,Sep,Customer Portal,Total,Digital Order Share %,8.21,
2025,Sep,Customer Portal,Total,Volume UC,"7,248,246.09","3,824,969.00"
2025,Sep,Customer Portal,Total,UC per Order,272.13,
2025,Sep,Customer Portal,Total,Digital Volume Share %,18.99,
2025,Sep,Customer Portal,Total,Active Placed,"7,172.00",
2025,Sep,Customer Portal,Total,NSR,"573,857,450.52","267,802,613.00"
2025,May,Customer Portal,HORECA,Registered Customers,84,60
2025,May,Customer Portal,HORECA,Active Customers,50,18
2025,May,Customer Portal,HORECA,Delivered Orders,118,27
2025,May,Customer Portal,HORECA,Order Frequency,2.4,
2025,May,Customer Portal,HORECA,Fulfillment Rate %,100,
2025,May,Customer Portal,HORECA,Digital Order Share %,2.13,
2025,May,Customer Portal,HORECA,Volume UC,"5,111.00","5,735.00"
2025,May,Customer Portal,HORECA,UC per Order,43,
2025,May,Customer Portal,HORECA,Digital Volume Share %,0.23,
2025,May,Customer Portal,HORECA,Active Placed,50,
2025,May,Customer Portal,HORECA,NSR,"294,892.00","316,677.00"
2025,Jun,Customer Portal,HORECA,Registered Customers,84,90
2025,Jun,Customer Portal,HORECA,Active Customers,52,27
2025,Jun,Customer Portal,HORECA,Delivered Orders,210,41
2025,Jun,Customer Portal,HORECA,Order Frequency,4,
2025,Jun,Customer Portal,HORECA,Fulfillment Rate %,100,
2025,Jun,Customer Portal,HORECA,Digital Order Share %,2.81,
2025,Jun,Customer Portal,HORECA,Volume UC,"11,385.00","12,258.00"
2025,Jun,Customer Portal,HORECA,UC per Order,54,
2025,Jun,Customer Portal,HORECA,Digital Volume Share %,0.41,
2025,Jun,Customer Portal,HORECA,Active Placed,38,
2025,Jun,Customer Portal,HORECA,NSR,"642,002.00","676,579.00"
2025,Jul,Customer Portal,HORECA,Registered Customers,90,120
2025,Jul,Customer Portal,HORECA,Active Customers,41,60
2025,Jul,Customer Portal,HORECA,Delivered Orders,173,240
2025,Jul,Customer Portal,HORECA,Order Frequency,4.2,
2025,Jul,Customer Portal,HORECA,Fulfillment Rate %,100,
2025,Jul,Customer Portal,HORECA,Digital Order Share %,2.1,
2025,Jul,Customer Portal,HORECA,Volume UC,"9,633.00","11,532.00"
2025,Jul,Customer Portal,HORECA,UC per Order,56,
2025,Jul,Customer Portal,HORECA,Digital Volume Share %,0.3,
2025,Jul,Customer Portal,HORECA,Active Placed,38,
2025,Jul,Customer Portal,HORECA,NSR,"535,141.00","657,375.00"
2025,Aug,Customer Portal,HORECA,Registered Customers,99,150
2025,Aug,Customer Portal,HORECA,Active Customers,45,75
2025,Aug,Customer Portal,HORECA,Delivered Orders,158,300
2025,Aug,Customer Portal,HORECA,Order Frequency,3.5,
2025,Aug,Customer Portal,HORECA,Fulfillment Rate %,100,
2025,Aug,Customer Portal,HORECA,Digital Order Share %,1.7,
2025,Aug,Customer Portal,HORECA,Volume UC,"5,398.00","16,151.00"
2025,Aug,Customer Portal,HORECA,UC per Order,34,
2025,Aug,Customer Portal,HORECA,Digital Volume Share %,0.37,
2025,Aug,Customer Portal,HORECA,Active Placed,51,
2025,Aug,Customer Portal,HORECA,NSR,"539,107.00","948,943.00"
2025,Sep,Customer Portal,HORECA,Registered Customers,194,180
2025,Sep,Customer Portal,HORECA,Active Customers,118,90
2025,Sep,Customer Portal,HORECA,Delivered Orders,323,360
2025,Sep,Customer Portal,HORECA,Order Frequency,2.74,
2025,Sep,Customer Portal,HORECA,Fulfillment Rate %,92.9,
2025,Sep,Customer Portal,HORECA,Digital Order Share %,3.28,
2025,Sep,Customer Portal,HORECA,Volume UC,"23,101.00","19,843.00"
2025,Sep,Customer Portal,HORECA,UC per Order,71.52,
2025,Sep,Customer Portal,HORECA,Digital Volume Share %,0.58,
2025,Sep,Customer Portal,HORECA,Active Placed,121,
2025,Sep,Customer Portal,HORECA,NSR,"1,265,499.00","1,071,935.00"
2025,Jan,Customer Portal,DSD,Registered Customers,"6,084.00","5,850.00"
2025,Jan,Customer Portal,DSD,Active Customers,"1,046.00",995
2025,Jan,Customer Portal,DSD,Delivered Orders,"1,567.00","1,492.00"
2025,Jan,Customer Portal,DSD,Order Frequency,1.5,
2025,Jan,Customer Portal,DSD,Fulfillment Rate %,73,
2025,Jan,Customer Portal,DSD,Digital Order Share %,1.27,
2025,Jan,Customer Portal,DSD,Volume UC,"89,875.00","18,770.00"
2025,Jan,Customer Portal,DSD,UC per Order,42,
2025,Jan,Customer Portal,DSD,Digital Volume Share %,1.73,
2025,Jan,Customer Portal,DSD,Active Placed,"1,458.00",
2025,Jan,Customer Portal,DSD,NSR,"5,238,534.00","1,586,756.00"
2025,Feb,Customer Portal,DSD,Registered Customers,"7,136.00","6,300.00"
2025,Feb,Customer Portal,DSD,Active Customers,"1,264.00","1,071.00"
2025,Feb,Customer Portal,DSD,Delivered Orders,"1,921.00","1,607.00"
2025,Feb,Customer Portal,DSD,Order Frequency,1.5,
2025,Feb,Customer Portal,DSD,Fulfillment Rate %,65,
2025,Feb,Customer Portal,DSD,Digital Order Share %,1.34,
2025,Feb,Customer Portal,DSD,Volume UC,"117,600.00","24,919.00"
2025,Feb,Customer Portal,DSD,UC per Order,40,
2025,Feb,Customer Portal,DSD,Digital Volume Share %,1.85,
2025,Feb,Customer Portal,DSD,Active Placed,"1,910.00",
2025,Feb,Customer Portal,DSD,NSR,"7,829,297.00","2,007,250.00"
2025,Mar,Customer Portal,DSD,Registered Customers,"6,820.00","6,750.00"
2025,Mar,Customer Portal,DSD,Active Customers,989,"1,148.00"
2025,Mar,Customer Portal,DSD,Delivered Orders,"1,595.00","1,721.00"
2025,Mar,Customer Portal,DSD,Order Frequency,1.6,
2025,Mar,Customer Portal,DSD,Fulfillment Rate %,70,
2025,Mar,Customer Portal,DSD,Digital Order Share %,0.89,
2025,Mar,Customer Portal,DSD,Volume UC,"138,500.00","40,460.00"
2025,Mar,Customer Portal,DSD,UC per Order,61,
2025,Mar,Customer Portal,DSD,Digital Volume Share %,1.36,
2025,Mar,Customer Portal,DSD,Active Placed,"1,334.00",
2025,Mar,Customer Portal,DSD,NSR,"7,556,636.00","2,943,232.00"
2025,Apr,Customer Portal,DSD,Registered Customers,"7,232.00","7,755.00"
2025,Apr,Customer Portal,DSD,Active Customers,725,"1,551.00"
2025,Apr,Customer Portal,DSD,Delivered Orders,"1,205.00","2,327.00"
2025,Apr,Customer Portal,DSD,Order Frequency,1.7,
2025,Apr,Customer Portal,DSD,Fulfillment Rate %,75,
2025,Apr,Customer Portal,DSD,Digital Order Share %,0.8,
2025,Apr,Customer Portal,DSD,Volume UC,"96,500.00","44,444.00"
2025,Apr,Customer Portal,DSD,UC per Order,60,
2025,Apr,Customer Portal,DSD,Digital Volume Share %,1.15,
2025,Apr,Customer Portal,DSD,Active Placed,991,
2025,Apr,Customer Portal,DSD,NSR,"5,236,090.00","3,621,586.00"
2025,May,Customer Portal,DSD,Registered Customers,"7,419.00","8,085.00"
2025,May,Customer Portal,DSD,Active Customers,753,"1,617.00"
2025,May,Customer Portal,DSD,Delivered Orders,"1,433.00","2,426.00"
2025,May,Customer Portal,DSD,Order Frequency,1.9,
2025,May,Customer Portal,DSD,Fulfillment Rate %,81,
2025,May,Customer Portal,DSD,Digital Order Share %,0.8,
2025,May,Customer Portal,DSD,Volume UC,"118,923.00","51,751.00"
2025,May,Customer Portal,DSD,UC per Order,67,
2025,May,Customer Portal,DSD,Digital Volume Share %,1.21,
2025,May,Customer Portal,DSD,Active Placed,904,
2025,May,Customer Portal,DSD,NSR,"7,081,143.00","4,248,033.00"
2025,Jun,Customer Portal,DSD,Registered Customers,"8,793.00","8,415.00"
2025,Jun,Customer Portal,DSD,Active Customers,"2,572.00","1,683.00"
2025,Jun,Customer Portal,DSD,Delivered Orders,"4,581.00","2,525.00"
2025,Jun,Customer Portal,DSD,Order Frequency,1.8,
2025,Jun,Customer Portal,DSD,Fulfillment Rate %,81,
2025,Jun,Customer Portal,DSD,Digital Order Share %,2.04,
2025,Jun,Customer Portal,DSD,Volume UC,"370,167.00","76,798.00"
2025,Jun,Customer Portal,DSD,UC per Order,65,
2025,Jun,Customer Portal,DSD,Digital Volume Share %,2.64,
2025,Jun,Customer Portal,DSD,Active Placed,"2,778.00",
2025,Jun,Customer Portal,DSD,NSR,"22,254,031.00","6,794,054.00"
2025,Jul,Customer Portal,DSD,Registered Customers,"10,021.00","9,010.00"
2025,Jul,Customer Portal,DSD,Active Customers,"4,318.00","2,613.00"
2025,Jul,Customer Portal,DSD,Delivered Orders,"7,355.00","4,703.00"
2025,Jul,Customer Portal,DSD,Order Frequency,1.7,
2025,Jul,Customer Portal,DSD,Fulfillment Rate %,79,
2025,Jul,Customer Portal,DSD,Digital Order Share %,3.58,
2025,Jul,Customer Portal,DSD,Volume UC,"507,494.00","153,872.00"
2025,Jul,Customer Portal,DSD,UC per Order,55,
2025,Jul,Customer Portal,DSD,Digital Volume Share %,5.01,
2025,Jul,Customer Portal,DSD,Active Placed,"4,670.00",
2025,Jul,Customer Portal,DSD,NSR,"29,104,136.00","11,391,063.00"
2025,Aug,Customer Portal,DSD,Registered Customers,"9,403.00","9,350.00"
2025,Aug,Customer Portal,DSD,Active Customers,"4,575.00","2,712.00"
2025,Aug,Customer Portal,DSD,Delivered Orders,"8,933.00","4,881.00"
2025,Aug,Customer Portal,DSD,Order Frequency,2,
2025,Aug,Customer Portal,DSD,Fulfillment Rate %,80,
2025,Aug,Customer Portal,DSD,Digital Order Share %,3.9,
2025,Aug,Customer Portal,DSD,Volume UC,"601,635.00","162,218.00"
2025,Aug,Customer Portal,DSD,UC per Order,54,
2025,Aug,Customer Portal,DSD,Digital Volume Share %,5.57,
2025,Aug,Customer Portal,DSD,Active Placed,"4,822.00",
2025,Aug,Customer Portal,DSD,NSR,"36,722,268.00","12,991,971.00"
2025,Sep,Customer Portal,DSD,Registered Customers,"11,454.00","9,690.00"
2025,Sep,Customer Portal,DSD,Active Customers,"5,108.00","2,810.00"
2025,Sep,Customer Portal,DSD,Delivered Orders,"10,087.00","5,058.00"
2025,Sep,Customer Portal,DSD,Order Frequency,1.97,
2025,Sep,Customer Portal,DSD,Fulfillment Rate %,79.21%,
2025,Sep,Customer Portal,DSD,Digital Order Share %,3.85%,
2025,Sep,Customer Portal,DSD,Volume UC,"725,001.14","187,872.00"
2025,Sep,Customer Portal,DSD,UC per Order,71.87,
2025,Sep,Customer Portal,DSD,Digital Volume Share %,6.39,
2025,Sep,Customer Portal,DSD,Active Placed,"5,324.00",
2025,Sep,Customer Portal,DSD,NSR,"44,307,677.22","13,937,298.00"
2025,Jan,Customer Portal,LKA,Registered Customers,"1,674.00","1,307.00"
2025,Jan,Customer Portal,LKA,Active Customers,547,654
2025,Jan,Customer Portal,LKA,Delivered Orders,"1,081.00","1,294.00"
2025,Jan,Customer Portal,LKA,Order Frequency,2,
2025,Jan,Customer Portal,LKA,Fulfillment Rate %,98,
2025,Jan,Customer Portal,LKA,Digital Order Share %,19.92,
2025,Jan,Customer Portal,LKA,Volume UC,"99,401.00","89,415.00"
2025,Jan,Customer Portal,LKA,UC per Order,92,
2025,Jan,Customer Portal,LKA,Digital Volume Share %,25.3,
2025,Jan,Customer Portal,LKA,Active Placed,547,
2025,Jan,Customer Portal,LKA,NSR,"6,161,560.00","5,802,448.00"
2025,Feb,Customer Portal,LKA,Registered Customers,"1,356.00","1,307.00"
2025,Feb,Customer Portal,LKA,Active Customers,459,654
2025,Feb,Customer Portal,LKA,Delivered Orders,"1,076.00","1,294.00"
2025,Feb,Customer Portal,LKA,Order Frequency,2.3,
2025,Feb,Customer Portal,LKA,Fulfillment Rate %,85,
2025,Feb,Customer Portal,LKA,Digital Order Share %,16.57,
2025,Feb,Customer Portal,LKA,Volume UC,"127,200.00","111,230.00"
2025,Feb,Customer Portal,LKA,UC per Order,118,
2025,Feb,Customer Portal,LKA,Digital Volume Share %,22.28,
2025,Feb,Customer Portal,LKA,Active Placed,466,
2025,Feb,Customer Portal,LKA,NSR,"7,796,712.00","6,934,270.00"
2025,Mar,Customer Portal,LKA,Registered Customers,"1,173.00","1,307.00"
2025,Mar,Customer Portal,LKA,Active Customers,378,654
2025,Mar,Customer Portal,LKA,Delivered Orders,"1,071.00","1,294.00"
2025,Mar,Customer Portal,LKA,Order Frequency,2.8,
2025,Mar,Customer Portal,LKA,Fulfillment Rate %,79,
2025,Mar,Customer Portal,LKA,Digital Order Share %,15.68,
2025,Mar,Customer Portal,LKA,Volume UC,"155,200.00","197,356.00"
2025,Mar,Customer Portal,LKA,UC per Order,145,
2025,Mar,Customer Portal,LKA,Digital Volume Share %,17.24,
2025,Mar,Customer Portal,LKA,Active Placed,415,
2025,Mar,Customer Portal,LKA,NSR,"7,933,544.00","11,412,192.00"
2025,Apr,Customer Portal,LKA,Registered Customers,"1,234.00","1,307.00"
2025,Apr,Customer Portal,LKA,Active Customers,398,431
2025,Apr,Customer Portal,LKA,Delivered Orders,"1,101.00",854
2025,Apr,Customer Portal,LKA,Order Frequency,2.8,
2025,Apr,Customer Portal,LKA,Fulfillment Rate %,77,
2025,Apr,Customer Portal,LKA,Digital Order Share %,19.51,
2025,Apr,Customer Portal,LKA,Volume UC,"144,700.00","102,351.00"
2025,Apr,Customer Portal,LKA,UC per Order,131,
2025,Apr,Customer Portal,LKA,Digital Volume Share %,19.31,
2025,Apr,Customer Portal,LKA,Active Placed,476,
2025,Apr,Customer Portal,LKA,NSR,"8,220,021.00","6,429,121.00"
2025,May,Customer Portal,LKA,Registered Customers,"1,220.00","1,307.00"
2025,May,Customer Portal,LKA,Active Customers,754,431
2025,May,Customer Portal,LKA,Delivered Orders,"2,448.00",854
2025,May,Customer Portal,LKA,Order Frequency,3.2,
2025,May,Customer Portal,LKA,Fulfillment Rate %,83,
2025,May,Customer Portal,LKA,Digital Order Share %,32.4,
2025,May,Customer Portal,LKA,Volume UC,"287,817.00","125,226.00"
2025,May,Customer Portal,LKA,UC per Order,118,
2025,May,Customer Portal,LKA,Digital Volume Share %,33.25,
2025,May,Customer Portal,LKA,Active Placed,828,
2025,May,Customer Portal,LKA,NSR,"16,746,967.00","7,962,523.00"
2025,Jun,Customer Portal,LKA,Registered Customers,"1,408.00","1,307.00"
2025,Jun,Customer Portal,LKA,Active Customers,949,431
2025,Jun,Customer Portal,LKA,Delivered Orders,"3,400.00",854
2025,Jun,Customer Portal,LKA,Order Frequency,3.6,
2025,Jun,Customer Portal,LKA,Fulfillment Rate %,80,
2025,Jun,Customer Portal,LKA,Digital Order Share %,38.24,
2025,Jun,Customer Portal,LKA,Volume UC,"441,514.00","172,072.00"
2025,Jun,Customer Portal,LKA,UC per Order,130,
2025,Jun,Customer Portal,LKA,Digital Volume Share %,36.68,
2025,Jun,Customer Portal,LKA,Active Placed,"1,037.00",
2025,Jun,Customer Portal,LKA,NSR,"27,339,518.00","12,086,942.00"
2025,Jul,Customer Portal,LKA,Registered Customers,"1,419.00","1,408.00"
2025,Jul,Customer Portal,LKA,Active Customers,818,957
2025,Jul,Customer Portal,LKA,Delivered Orders,"2,701.00","2,872.00"
2025,Jul,Customer Portal,LKA,Order Frequency,3.3,
2025,Jul,Customer Portal,LKA,Fulfillment Rate %,77,
2025,Jul,Customer Portal,LKA,Digital Order Share %,30.4,
2025,Jul,Customer Portal,LKA,Volume UC,"329,814.00","419,013.00"
2025,Jul,Customer Portal,LKA,UC per Order,122,
2025,Jul,Customer Portal,LKA,Digital Volume Share %,30.8,
2025,Jul,Customer Portal,LKA,Active Placed,926,
2025,Jul,Customer Portal,LKA,NSR,"21,796,154.00","12,086,942.00"
2025,Aug,Customer Portal,LKA,Registered Customers,"1,326.00","1,408.00"
2025,Aug,Customer Portal,LKA,Active Customers,814,957
2025,Aug,Customer Portal,LKA,Delivered Orders,"2,881.00","2,872.00"
2025,Aug,Customer Portal,LKA,Order Frequency,3.5,
2025,Aug,Customer Portal,LKA,Fulfillment Rate %,76,
2025,Aug,Customer Portal,LKA,Digital Order Share %,28.6,
2025,Aug,Customer Portal,LKA,Volume UC,"166,942.00","457,087.00"
2025,Aug,Customer Portal,LKA,UC per Order,58,
2025,Aug,Customer Portal,LKA,Digital Volume Share %,30.25,
2025,Aug,Customer Portal,LKA,Active Placed,921,
2025,Aug,Customer Portal,LKA,NSR,"19,286,245.00","12,552,029.00"
2025,Sep,Customer Portal,LKA,Registered Customers,"1,680.00","1,408.00"
2025,Sep,Customer Portal,LKA,Active Customers,874,957
2025,Sep,Customer Portal,LKA,Delivered Orders,"3,093.00","2,872.00"
2025,Sep,Customer Portal,LKA,Order Frequency,3.54,
2025,Sep,Customer Portal,LKA,Fulfillment Rate %,81.71,
2025,Sep,Customer Portal,LKA,Digital Order Share %,15.24,
2025,Sep,Customer Portal,LKA,Volume UC,"380,172.28","505,296.00"
2025,Sep,Customer Portal,LKA,UC per Order,123.02,
2025,Sep,Customer Portal,LKA,Digital Volume Share %,10.98,
2025,Sep,Customer Portal,LKA,Active Placed,973,
2025,Sep,Customer Portal,LKA,NSR,"23,236,372.13","34,797,280.00"
2025,Jan,Customer Portal,WHS,Registered Customers,715,700
2025,Jan,Customer Portal,WHS,Active Customers,320,315
2025,Jan,Customer Portal,WHS,Delivered Orders,"1,451.00","1,418.00"
2025,Jan,Customer Portal,WHS,Order Frequency,4.5,
2025,Jan,Customer Portal,WHS,Fulfillment Rate %,83,
2025,Jan,Customer Portal,WHS,Digital Order Share %,10.72,
2025,Jan,Customer Portal,WHS,Volume UC,"393,067.00","219,733.00"
2025,Jan,Customer Portal,WHS,UC per Order,271,
2025,Jan,Customer Portal,WHS,Digital Volume Share %,7.77,
2025,Jan,Customer Portal,WHS,Active Placed,351,
2025,Jan,Customer Portal,WHS,NSR,"40,927,916.00","19,142,645.00"
2025,Feb,Customer Portal,WHS,Registered Customers,813,875
2025,Feb,Customer Portal,WHS,Active Customers,385,394
2025,Feb,Customer Portal,WHS,Delivered Orders,"1,284.00","1,772.00"
2025,Feb,Customer Portal,WHS,Order Frequency,3.3,
2025,Feb,Customer Portal,WHS,Fulfillment Rate %,77,
2025,Feb,Customer Portal,WHS,Digital Order Share %,8.72,
2025,Feb,Customer Portal,WHS,Volume UC,"462,622.00","358,414.00"
2025,Feb,Customer Portal,WHS,UC per Order,360,
2025,Feb,Customer Portal,WHS,Digital Volume Share %,6.23,
2025,Feb,Customer Portal,WHS,Active Placed,333,
2025,Feb,Customer Portal,WHS,NSR,"40,041,875.00","38,743,899.00"
2025,Mar,Customer Portal,WHS,Registered Customers,921,"1,050.00"
2025,Mar,Customer Portal,WHS,Active Customers,350,473
2025,Mar,Customer Portal,WHS,Delivered Orders,"1,942.00","2,126.00"
2025,Mar,Customer Portal,WHS,Order Frequency,5.5,
2025,Mar,Customer Portal,WHS,Fulfillment Rate %,80,
2025,Mar,Customer Portal,WHS,Digital Order Share %,7.68,
2025,Mar,Customer Portal,WHS,Volume UC,"573,201.00","631,409.00"
2025,Mar,Customer Portal,WHS,UC per Order,295,
2025,Mar,Customer Portal,WHS,Digital Volume Share %,4.99,
2025,Mar,Customer Portal,WHS,Active Placed,372,
2025,Mar,Customer Portal,WHS,NSR,"53,482,878.00","2,308,674.00"
2025,Apr,Customer Portal,WHS,Registered Customers,"1,155.00","1,225.00"
2025,Apr,Customer Portal,WHS,Active Customers,650,551
2025,Apr,Customer Portal,WHS,Delivered Orders,"2,985.00","2,481.00"
2025,Apr,Customer Portal,WHS,Order Frequency,4.6,
2025,Apr,Customer Portal,WHS,Fulfillment Rate %,85,
2025,Apr,Customer Portal,WHS,Digital Order Share %,13.38,
2025,Apr,Customer Portal,WHS,Volume UC,"852,474.00","504,660.00"
2025,Apr,Customer Portal,WHS,UC per Order,286,
2025,Apr,Customer Portal,WHS,Digital Volume Share %,9.11,
2025,Apr,Customer Portal,WHS,Active Placed,663,
2025,Apr,Customer Portal,WHS,NSR,"80,340,384.00","41,201,013.00"
2025,May,Customer Portal,WHS,Registered Customers,"1,364.00","1,365.00"
2025,May,Customer Portal,WHS,Active Customers,764,614
2025,May,Customer Portal,WHS,Delivered Orders,"4,434.00","2,764.00"
2025,May,Customer Portal,WHS,Order Frequency,5.8,
2025,May,Customer Portal,WHS,Fulfillment Rate %,88,
2025,May,Customer Portal,WHS,Digital Order Share %,20.24,
2025,May,Customer Portal,WHS,Volume UC,"1,493,015.00","651,363.00"
2025,May,Customer Portal,WHS,UC per Order,337,
2025,May,Customer Portal,WHS,Digital Volume Share %,14.93,
2025,May,Customer Portal,WHS,Active Placed,787,
2025,May,Customer Portal,WHS,NSR,"132,319,851.00","54,722,473.00"
2025,Jun,Customer Portal,WHS,Registered Customers,"1,545.00","1,505.00"
2025,Jun,Customer Portal,WHS,Active Customers,921,677
2025,Jun,Customer Portal,WHS,Delivered Orders,"8,248.00","3,048.00"
2025,Jun,Customer Portal,WHS,Order Frequency,9,
2025,Jun,Customer Portal,WHS,Fulfillment Rate %,82,
2025,Jun,Customer Portal,WHS,Digital Order Share %,22.31,
2025,Jun,Customer Portal,WHS,Volume UC,"2,735,687.00","1,205,864.00"
2025,Jun,Customer Portal,WHS,UC per Order,332,
2025,Jun,Customer Portal,WHS,Digital Volume Share %,16.16,
2025,Jun,Customer Portal,WHS,Active Placed,936,
2025,Jun,Customer Portal,WHS,NSR,"248,344,614.00","103,104,988.00"
2025,Jul,Customer Portal,WHS,Registered Customers,"1,750.00","1,848.00"
2025,Jul,Customer Portal,WHS,Active Customers,"1,058.00","1,109.00"
2025,Jul,Customer Portal,WHS,Delivered Orders,"7,782.00","5,544.00"
2025,Jul,Customer Portal,WHS,Order Frequency,7.4,
2025,Jul,Customer Portal,WHS,Fulfillment Rate %,75,
2025,Jul,Customer Portal,WHS,Digital Order Share %,23.4,
2025,Jul,Customer Portal,WHS,Volume UC,"2,830,061.00","2,378,068.00"
2025,Jul,Customer Portal,WHS,UC per Order,364,
2025,Jul,Customer Portal,WHS,Digital Volume Share %,20.44,
2025,Jul,Customer Portal,WHS,Active Placed,"1,095.00",
2025,Jul,Customer Portal,WHS,NSR,"261,669,399.00","213,890,735.00"
2025,Aug,Customer Portal,WHS,Registered Customers,"1,791.00","2,041.00"
2025,Aug,Customer Portal,WHS,Active Customers,"1,172.00","1,224.00"
2025,Aug,Customer Portal,WHS,Delivered Orders,"9,407.00","6,122.00"
2025,Aug,Customer Portal,WHS,Order Frequency,8,
2025,Aug,Customer Portal,WHS,Fulfillment Rate %,70,
2025,Aug,Customer Portal,WHS,Digital Order Share %,27.9,
2025,Aug,Customer Portal,WHS,Volume UC,"3,795,051.00","2,664,706.00"
2025,Aug,Customer Portal,WHS,UC per Order,403,
2025,Aug,Customer Portal,WHS,Digital Volume Share %,28.01,
2025,Aug,Customer Portal,WHS,Active Placed,"1,204.00",
2025,Aug,Customer Portal,WHS,NSR,"339,803,320.00","261,899,016.00"
2025,Sep,Customer Portal,WHS,Registered Customers,"2,211.00","2,041.00"
2025,Sep,Customer Portal,WHS,Active Customers,"1,624.00","1,224.00"
2025,Sep,Customer Portal,WHS,Delivered Orders,"14,573.00","6,122.00"
2025,Sep,Customer Portal,WHS,Order Frequency,8.97,
2025,Sep,Customer Portal,WHS,Fulfillment Rate %,78.12,
2025,Sep,Customer Portal,WHS,Digital Order Share %,30.54,
2025,Sep,Customer Portal,WHS,Volume UC,"6,296,082.18","3,070,256.00"
2025,Sep,Customer Portal,WHS,UC per Order,432.04,
2025,Sep,Customer Portal,WHS,Digital Volume Share %,31.04,
2025,Sep,Customer Portal,WHS,Active Placed,"1,660.00",
2025,Sep,Customer Portal,WHS,NSR,"522,158,096.41","215,333,688.00"
2025,Jan,Chatbot,NA,Registered Customers,"1,012.00","1,067.00"
2025,Jan,Chatbot,NA,Active Customers,555,320
2025,Jan,Chatbot,NA,Delivered Orders,947,320
2025,Jan,Chatbot,NA,Order Frequency,1.7,
2025,Jan,Chatbot,NA,Fulfillment Rate %,98,
2025,Jan,Chatbot,NA,Digital Order Share %,10,
2025,Jan,Chatbot,NA,Volume UC,"57,605.00","11,751.00"
2025,Jan,Chatbot,NA,UC per Order,59,
2025,Jan,Chatbot,NA,Digital Volume Share %,7,
2025,Jan,Chatbot,NA,Active Placed,555,
2025,Jan,Chatbot,NA,NSR,"2,924,307.00","499,740.00"
2025,Feb,Chatbot,NA,Registered Customers,"1,444.00","1,342.00"
2025,Feb,Chatbot,NA,Active Customers,897,403
2025,Feb,Chatbot,NA,Delivered Orders,"1,643.00",403
2025,Feb,Chatbot,NA,Order Frequency,1.8,
2025,Feb,Chatbot,NA,Fulfillment Rate %,94,
2025,Feb,Chatbot,NA,Digital Order Share %,12,
2025,Feb,Chatbot,NA,Volume UC,"107,562.00","21,348.00"
2025,Feb,Chatbot,NA,UC per Order,61,
2025,Feb,Chatbot,NA,Digital Volume Share %,9,
2025,Feb,Chatbot,NA,Active Placed,903,
2025,Feb,Chatbot,NA,NSR,"5,783,103.00","907,890.00"
2025,Mar,Chatbot,NA,Registered Customers,"2,117.00","1,617.00"
2025,Mar,Chatbot,NA,Active Customers,"1,159.00",485
2025,Mar,Chatbot,NA,Delivered Orders,"2,753.00",485
2025,Mar,Chatbot,NA,Order Frequency,2.4,
2025,Mar,Chatbot,NA,Fulfillment Rate %,93,
2025,Mar,Chatbot,NA,Digital Order Share %,12,
2025,Mar,Chatbot,NA,Volume UC,"164,727.00","33,242.00"
2025,Mar,Chatbot,NA,UC per Order,56,
2025,Mar,Chatbot,NA,Digital Volume Share %,6,
2025,Mar,Chatbot,NA,Active Placed,"1,171.00",
2025,Mar,Chatbot,NA,NSR,"8,929,909.00","1,413,699.00"
2025,Apr,Chatbot,NA,Registered Customers,"2,387.00","2,214.00"
2025,Apr,Chatbot,NA,Active Customers,"1,192.00","1,218.00"
2025,Apr,Chatbot,NA,Delivered Orders,"2,499.00","2,436.00"
2025,Apr,Chatbot,NA,Order Frequency,2.1,
2025,Apr,Chatbot,NA,Fulfillment Rate %,88,
2025,Apr,Chatbot,NA,Digital Order Share %,14,
2025,Apr,Chatbot,NA,Volume UC,"132,627.00","100,037.00"
2025,Apr,Chatbot,NA,UC per Order,47,
2025,Apr,Chatbot,NA,Digital Volume Share %,5,
2025,Apr,Chatbot,NA,Active Placed,"1,122.00",
2025,Apr,Chatbot,NA,NSR,"7,729,334.00","5,949,897.00"
2025,May,Chatbot,NA,Registered Customers,"2,213.00","2,214.00"
2025,May,Chatbot,NA,Active Customers,"1,376.00","1,218.00"
2025,May,Chatbot,NA,Delivered Orders,"3,236.00","2,436.00"
2025,May,Chatbot,NA,Order Frequency,2.4,
2025,May,Chatbot,NA,Fulfillment Rate %,88,
2025,May,Chatbot,NA,Digital Order Share %,16,
2025,May,Chatbot,NA,Volume UC,"282,317.00","182,465.00"
2025,May,Chatbot,NA,UC per Order,77,
2025,May,Chatbot,NA,Digital Volume Share %,7,
2025,May,Chatbot,NA,Active Placed,"1,404.00",
2025,May,Chatbot,NA,NSR,"15,165,363.00","11,134,575.00"
2025,Jun,Chatbot,NA,Registered Customers,"2,506.00","2,214.00"
2025,Jun,Chatbot,NA,Active Customers,"1,671.00","1,218.00"
2025,Jun,Chatbot,NA,Delivered Orders,"4,868.00","2,436.00"
2025,Jun,Chatbot,NA,Order Frequency,2.9,
2025,Jun,Chatbot,NA,Fulfillment Rate %,89,
2025,Jun,Chatbot,NA,Digital Order Share %,20,
2025,Jun,Chatbot,NA,Volume UC,"464,845.00","246,422.00"
2025,Jun,Chatbot,NA,UC per Order,85,
2025,Jun,Chatbot,NA,Digital Volume Share %,8,
2025,Jun,Chatbot,NA,Active Placed,"1,643.00",
2025,Jun,Chatbot,NA,NSR,"25,535,241.00","16,646,615.00"
2025,Jul,Chatbot,NA,Registered Customers,"2,859.00","2,981.00"
2025,Jul,Chatbot,NA,Active Customers,"1,742.00","1,788.00"
2025,Jul,Chatbot,NA,Delivered Orders,"5,258.00","3,577.00"
2025,Jul,Chatbot,NA,Order Frequency,3,
2025,Jul,Chatbot,NA,Fulfillment Rate %,86,
2025,Jul,Chatbot,NA,Digital Order Share %,23,
2025,Jul,Chatbot,NA,Volume UC,"570,795.00","271,820.00"
2025,Jul,Chatbot,NA,UC per Order,93,
2025,Jul,Chatbot,NA,Digital Volume Share %,12,
2025,Jul,Chatbot,NA,Active Placed,"1,798.00",
2025,Jul,Chatbot,NA,NSR,"36,314,393.00","18,317,028.00"
2025,Aug,Chatbot,NA,Registered Customers,"3,052.00","3,568.00"
2025,Aug,Chatbot,NA,Active Customers,"1,612.00","2,141.00"
2025,Aug,Chatbot,NA,Delivered Orders,"4,603.00","4,281.00"
2025,Aug,Chatbot,NA,Order Frequency,2.9,
2025,Aug,Chatbot,NA,Fulfillment Rate %,71,
2025,Aug,Chatbot,NA,Digital Order Share %,22,
2025,Aug,Chatbot,NA,Volume UC,"566,327.00","254,805.00"
2025,Aug,Chatbot,NA,UC per Order,88,
2025,Aug,Chatbot,NA,Digital Volume Share %,12,
2025,Aug,Chatbot,NA,Active Placed,"1,802.00",
2025,Aug,Chatbot,NA,NSR,"36,678,163.00","19,210,818.00"
2025,Sep,Chatbot,NA,Registered Customers,"1,825","3,274"
2025,Sep,Chatbot,NA,Active Customers,1612,"1,965"
2025,Sep,Chatbot,NA,Delivered Orders,5254,"3,929"
2025,Sep,Chatbot,NA,Order Frequency,3.18,
2025,Sep,Chatbot,NA,Fulfillment Rate %,76.5,
2025,Sep,Chatbot,NA,Digital Order Share %,22,
2025,Sep,Chatbot,NA,Volume UC,"692,853","203,725"
2025,Sep,Chatbot,NA,UC per Order,132,
2025,Sep,Chatbot,NA,Digital Volume Share %,14,
2025,Sep,Chatbot,NA,Active Placed,"1,825",
2025,Sep,Chatbot,NA,NSR,"48,273,294","13,006,609"
